{"LOSS/Train": 0.732465386390686, "F1_Macro/Train": 0.6666666666666666, "ACCURACY/Train": 0.5, "PRECISION/Train": 0.5, "RECALL/Train": 1.0, "MAE/Train": 0.5, "MCC/Train": 0.0, "_timestamp": 1718545896.7059224, "LOSS/Validation": 0.5969548831301287, "F1_Macro/Validation": 0.8074534161490683, "ACCURACY/Validation": 0.6790890269151139, "PRECISION/Validation": 0.6770833333333334, "RECALL/Validation": 1.0, "MAE/Validation": 0.32091097308488614, "MCC/Validation": 0.11338435808447235, "_runtime": 253.98207640647888, "_step": 1209, "_wandb": {"runtime": 253}, "LOSS/Test": 0.6146945177523557, "F1_Macro/Test": 0.8039702233250621, "ACCURACY/Test": 0.6735537190082644, "PRECISION/Test": 0.6735966735966736, "RECALL/Test": 0.9969230769230769, "MAE/Test": 0.32644628099173556, "MCC/Test": 0.05686016085102003}