{"LOSS/Train": 0.0006508431397378445, "F1_Macro/Train": 1.0, "ACCURACY/Train": 1.0, "PRECISION/Train": 1.0, "RECALL/Train": 1.0, "MAE/Train": 0.0, "MCC/Train": 1.0, "_timestamp": 1716753907.531547, "LOSS/Validation": 0.814010621207138, "F1_Macro/Validation": 0.877742946708464, "ACCURACY/Validation": 0.8385093167701864, "PRECISION/Validation": 0.8945686900958466, "RECALL/Validation": 0.8615384615384616, "MAE/Validation": 0.16149068322981366, "MCC/Validation": 0.6411687843002959, "_runtime": 1657.149069070816, "_step": 14508, "_wandb": {"runtime": 1656}, "LOSS/Test": 0.4071732952821353, "F1_Macro/Test": 0.856687898089172, "ACCURACY/Test": 0.8140495867768595, "PRECISION/Test": 0.8877887788778878, "RECALL/Test": 0.8276923076923077, "MAE/Test": 0.1859504132231405, "MCC/Test": 0.5958624604774353}