{"LOSS/Train": 0.005197612568736076, "F1_Macro/Train": 1.0, "ACCURACY/Train": 1.0, "PRECISION/Train": 1.0, "RECALL/Train": 1.0, "MAE/Train": 0.0, "MCC/Train": 1.0, "_timestamp": 1715353424.984994, "LOSS/Validation": 0.6636431234958582, "F1_Macro/Validation": 0.8621597892888498, "ACCURACY/Validation": 0.8035043804755945, "PRECISION/Validation": 0.8509532062391681, "RECALL/Validation": 0.8736654804270463, "MAE/Validation": 0.1964956195244055, "MCC/Validation": 0.5208655863944669, "_runtime": 52607.506816864014, "_step": 19500, "_wandb": {"runtime": 53650}}