{"LOSS/Train": 0.70720374584198, "F1_Macro/Train": 0.4, "ACCURACY/Train": 0.25, "PRECISION/Train": 0.25, "RECALL/Train": 1.0, "MAE/Train": 0.75, "MCC/Train": 0.0, "_timestamp": 1716531582.273657, "LOSS/Validation": 0.6943326331367178, "F1_Macro/Validation": 0.5585585585585585, "ACCURACY/Validation": 0.4927536231884058, "PRECISION/Validation": 0.6739130434782609, "RECALL/Validation": 0.47692307692307695, "MAE/Validation": 0.5072463768115942, "MCC/Validation": 0.0021037950929314385, "_runtime": 43.32541012763977, "_step": 3, "_wandb": {"runtime": 42}, "LOSS/Test": 0.6688105917173969, "F1_Macro/Test": 0.7730220492866408, "ACCURACY/Test": 0.6384297520661157, "PRECISION/Test": 0.6681614349775785, "RECALL/Test": 0.916923076923077, "MAE/Test": 0.3615702479338843, "MCC/Test": -0.024261909248969663}