{"LOSS/Train": 0.0058264657855033875, "F1_Macro/Train": 1.0, "ACCURACY/Train": 1.0, "PRECISION/Train": 1.0, "RECALL/Train": 1.0, "MAE/Train": 0.0, "MCC/Train": 1.0, "_timestamp": 1716990516.295536, "LOSS/Validation": 0.7131051613553812, "F1_Macro/Validation": 0.880354505169867, "ACCURACY/Validation": 0.8322981366459627, "PRECISION/Validation": 0.8465909090909091, "RECALL/Validation": 0.916923076923077, "MAE/Validation": 0.16770186335403728, "MCC/Validation": 0.606939031052337, "_runtime": 2421.3179960250854, "_step": 12090, "_wandb": {"runtime": 2420}, "LOSS/Test": 0.41141247024282446, "F1_Macro/Test": 0.8625, "ACCURACY/Test": 0.8181818181818182, "PRECISION/Test": 0.8761904761904762, "RECALL/Test": 0.8492307692307692, "MAE/Test": 0.18181818181818182, "MCC/Test": 0.5950329032353073}