{"LOSS/Train": 0.39739367365837097, "F1_Macro/Train": 1.0, "ACCURACY/Train": 1.0, "PRECISION/Train": 1.0, "RECALL/Train": 1.0, "MAE/Train": 0.0, "MCC/Train": 1.0, "_timestamp": 1716494730.589102, "LOSS/Validation": 0.4418115185435153, "F1_Macro/Validation": 0.8445839874411303, "ACCURACY/Validation": 0.7950310559006211, "PRECISION/Validation": 0.8621794871794872, "RECALL/Validation": 0.8276923076923077, "MAE/Validation": 0.20496894409937888, "MCC/Validation": 0.5450175987112886, "_runtime": 119.72693705558777, "_step": 500, "_wandb": {"runtime": 158}}