{"LOSS/Train": 0.7125674486160278, "F1_Macro/Train": 0.6666666666666666, "ACCURACY/Train": 0.5, "PRECISION/Train": 0.5, "RECALL/Train": 1.0, "MAE/Train": 0.5, "MCC/Train": 0.0, "_timestamp": 1718546583.3691204, "LOSS/Validation": 0.6322071690204715, "F1_Macro/Validation": 0.8044554455445545, "ACCURACY/Validation": 0.6728778467908902, "PRECISION/Validation": 0.6728778467908902, "RECALL/Validation": 1.0, "MAE/Validation": 0.32712215320910976, "MCC/Validation": 0.0, "_runtime": 266.8012902736664, "_step": 1209, "_wandb": {"runtime": 266}, "LOSS/Test": 0.6034198620102622, "F1_Macro/Test": 0.8052631578947368, "ACCURACY/Test": 0.6942148760330579, "PRECISION/Test": 0.7034482758620689, "RECALL/Test": 0.9415384615384615, "MAE/Test": 0.30578512396694213, "MCC/Test": 0.2027531532534045}