{"_wandb": {"runtime": 11}, "LOSS/Train": 0.0017296826699748635, "F1_Macro/Train": 1.0, "ACCURACY/Train": 1.0, "PRECISION/Train": 1.0, "RECALL/Train": 1.0, "MAE/Train": 0.0, "MCC/Train": 1.0, "_timestamp": 1715697302.203082, "LOSS/Validation": 3.278248933790001, "F1_Macro/Validation": 0.7158555729984302, "ACCURACY/Validation": 0.6252587991718427, "PRECISION/Validation": 0.7307692307692307, "RECALL/Validation": 0.7015384615384616, "MAE/Validation": 0.3747412008281574, "MCC/Validation": 0.1666748529868995, "_runtime": 12.534387111663818, "_step": 1}