{"LOSS/Train": 0.0008128138724714518, "F1_Macro/Train": 1.0, "ACCURACY/Train": 1.0, "PRECISION/Train": 1.0, "RECALL/Train": 1.0, "MAE/Train": 0.0, "MCC/Train": 1.0, "_timestamp": 1716625416.3458877, "LOSS/Validation": 0.6838638979546179, "F1_Macro/Validation": 0.8834355828220859, "ACCURACY/Validation": 0.8426501035196687, "PRECISION/Validation": 0.8807339449541285, "RECALL/Validation": 0.8861538461538462, "MAE/Validation": 0.15734989648033126, "MCC/Validation": 0.64143293356561, "_runtime": 3019.9862957000732, "_step": 14508, "_wandb": {"runtime": 3019}, "LOSS/Test": 0.387978762542167, "F1_Macro/Test": 0.8611111111111112, "ACCURACY/Test": 0.8140495867768595, "PRECISION/Test": 0.8637770897832817, "RECALL/Test": 0.8584615384615385, "MAE/Test": 0.1859504132231405, "MCC/Test": 0.5798944893957058}