{"LOSS/Train": 0.5970173478126526, "F1_Macro/Train": 0.8571428571428571, "ACCURACY/Train": 0.75, "PRECISION/Train": 0.75, "RECALL/Train": 1.0, "MAE/Train": 0.25, "MCC/Train": 0.0, "_timestamp": 1715429036.923976, "_runtime": 9006.896568059921, "_step": 14500, "LOSS/Validation": 0.640191384090865, "F1_Macro/Validation": 0.8044554455445545, "ACCURACY/Validation": 0.6728778467908902, "PRECISION/Validation": 0.6728778467908902, "RECALL/Validation": 1.0, "MAE/Validation": 0.32712215320910976, "MCC/Validation": 0.0, "_wandb": {"runtime": 9008}}