{"_wandb": {"runtime": 43}, "LOSS/Train": 0.6892366409301758, "F1_Macro/Train": 0.8571428571428571, "ACCURACY/Train": 0.75, "PRECISION/Train": 1.0, "RECALL/Train": 0.75, "MAE/Train": 0.25, "MCC/Train": 0.0, "_timestamp": 1716476327.8200126, "_runtime": 9.975261688232422, "_step": 1}