{"LOSS/Train": 0.0019307243637740612, "F1_Macro/Train": 1.0, "ACCURACY/Train": 1.0, "PRECISION/Train": 1.0, "RECALL/Train": 1.0, "MAE/Train": 0.0, "MCC/Train": 1.0, "_timestamp": 1716622226.7219632, "LOSS/Validation": 0.7422871660413018, "F1_Macro/Validation": 0.8803680981595092, "ACCURACY/Validation": 0.8385093167701864, "PRECISION/Validation": 0.8776758409785933, "RECALL/Validation": 0.8830769230769231, "MAE/Validation": 0.16149068322981366, "MCC/Validation": 0.6319957863204246, "_runtime": 2515.320275068283, "_step": 12090, "_wandb": {"runtime": 2514}, "LOSS/Test": 0.4274023870806679, "F1_Macro/Test": 0.8562197092084006, "ACCURACY/Test": 0.8161157024793388, "PRECISION/Test": 0.9013605442176871, "RECALL/Test": 0.8153846153846154, "MAE/Test": 0.18388429752066116, "MCC/Test": 0.6088212967702958}