{"LOSS/Train": 0.0031910499092191458, "F1_Macro/Train": 1.0, "ACCURACY/Train": 1.0, "PRECISION/Train": 1.0, "RECALL/Train": 1.0, "MAE/Train": 0.0, "MCC/Train": 0.0, "_timestamp": 1715696906.2858253, "LOSS/Validation": 1.422682538715168, "F1_Macro/Validation": 0.7977839335180056, "ACCURACY/Validation": 0.6977225672877847, "PRECISION/Validation": 0.72544080604534, "RECALL/Validation": 0.8861538461538462, "MAE/Validation": 0.3022774327122153, "MCC/Validation": 0.24071477182696557, "_runtime": 29533.270326137543, "_step": 14500, "_wandb": {"runtime": 29536}}