{"LOSS/Train": 0.008738640695810318, "F1_Macro/Train": 1.0, "ACCURACY/Train": 1.0, "PRECISION/Train": 1.0, "RECALL/Train": 1.0, "MAE/Train": 0.0, "MCC/Train": 1.0, "_timestamp": 1718640596.9692268, "LOSS/Validation": 0.5515028532740683, "F1_Macro/Validation": 0.8546511627906976, "ACCURACY/Validation": 0.7929606625258799, "PRECISION/Validation": 0.8099173553719008, "RECALL/Validation": 0.9046153846153846, "MAE/Validation": 0.2070393374741201, "MCC/Validation": 0.5080253560271547, "_runtime": 2067.3166658878326, "_step": 12090, "_wandb": {"runtime": 2066}, "LOSS/Test": 0.48808664711546307, "F1_Macro/Test": 0.869172932330827, "ACCURACY/Test": 0.8202479338842975, "PRECISION/Test": 0.85, "RECALL/Test": 0.8892307692307693, "MAE/Test": 0.1797520661157025, "MCC/Test": 0.5840253687553155}