{"LOSS/Train": 0.10755320638418198, "F1_Macro/Train": 1.0, "ACCURACY/Train": 1.0, "PRECISION/Train": 1.0, "RECALL/Train": 1.0, "MAE/Train": 0.0, "MCC/Train": 0.0, "_timestamp": 1718617049.6777804, "LOSS/Validation": 0.5791541081198976, "F1_Macro/Validation": 0.8032, "ACCURACY/Validation": 0.7453416149068323, "PRECISION/Validation": 0.8366666666666667, "RECALL/Validation": 0.7723076923076924, "MAE/Validation": 0.2546583850931677, "MCC/Validation": 0.44698839005479263, "_runtime": 2078.1219103336334, "_step": 12090, "_wandb": {"runtime": 2077}, "LOSS/Test": 0.42571536962651024, "F1_Macro/Test": 0.869431643625192, "ACCURACY/Test": 0.8243801652892562, "PRECISION/Test": 0.8680981595092024, "RECALL/Test": 0.8707692307692307, "MAE/Test": 0.1756198347107438, "MCC/Test": 0.6013013893951427}