{"LOSS/Train": 0.002467936370521784, "F1-Macro/Train": 1.0, "ACCURACY/Train": 1.0, "PRECISION/Train": 1.0, "RECALL/Train": 1.0, "MAE/Train": 0.0, "MCC/Train": 1.0, "_timestamp": 1715095441.7630424, "LOSS/Validation": 0.8737579858128447, "F1-Macro/Validation": 0.8652719665271966, "ACCURACY/Validation": 0.7984981226533167, "PRECISION/Validation": 0.8167456556082149, "RECALL/Validation": 0.9199288256227758, "MAE/Validation": 0.20150187734668334, "MCC/Validation": 0.48465950691478277, "_runtime": 20375.674574375153, "_step": 19500, "_wandb": {"runtime": 20853}}