{"_wandb": {"runtime": 7936}, "LOSS/Train": 0.039014410227537155, "F1_Macro/Train": 1.0, "ACCURACY/Train": 1.0, "PRECISION/Train": 1.0, "RECALL/Train": 1.0, "MAE/Train": 0.0, "MCC/Train": 1.0, "_timestamp": 1715485319.7593827, "LOSS/Validation": 1.1287691280222498, "F1_Macro/Validation": 0.738243123336291, "ACCURACY/Validation": 0.6307884856070087, "PRECISION/Validation": 0.736283185840708, "RECALL/Validation": 0.7402135231316725, "MAE/Validation": 0.3692115143929912, "MCC/Validation": 0.11193578161853499, "_runtime": 7936.516030788422, "_step": 500}