epoch,step,test_loss,train_accuracy,train_f1_score,train_loss,val_loss
0,781,,,,,0.27073386311531067
0,781,,0.8875799775123596,0.8875799775123596,0.43478721380233765,
1,1563,,,,,0.21413512527942657
1,1563,,0.938979983329773,0.938979983329773,0.2128710299730301,
2,2345,,,,,0.18016983568668365
2,2345,,0.9523000121116638,0.9523000121116638,0.16809667646884918,
3,2346,,,,,0.15427525341510773
3,2346,0.1558244824409485,,,,
