{"_wandb": {"runtime": 10}, "LOSS/Train": 9.920625598169863e-05, "F1_Macro/Train": 1.0, "ACCURACY/Train": 1.0, "PRECISION/Train": 1.0, "RECALL/Train": 1.0, "MAE/Train": 0.0, "MCC/Train": 1.0, "_timestamp": 1715697204.3869221, "LOSS/Validation": 2.8034286323133477, "F1_Macro/Validation": 0.7540500736377025, "ACCURACY/Validation": 0.6542443064182195, "PRECISION/Validation": 0.7231638418079096, "RECALL/Validation": 0.7876923076923077, "MAE/Validation": 0.34575569358178054, "MCC/Validation": 0.17755411036970548, "_runtime": 12.106641054153442, "_step": 1}