{"LOSS/Train": 0.025954116135835648, "F1-Macro/Train": 1.0, "ACCURACY/Train": 1.0, "PRECISION/Train": 1.0, "RECALL/Train": 1.0, "MAE/Train": 0.0, "MCC/Train": 1.0, "_timestamp": 1715182898.2216527, "LOSS/Validation": 1.0652586474083363, "F1-Macro/Validation": 0.7698887938408896, "ACCURACY/Validation": 0.6633291614518148, "PRECISION/Validation": 0.7413509060955519, "RECALL/Validation": 0.800711743772242, "MAE/Validation": 0.33667083854818525, "MCC/Validation": 0.14781142898399344, "_runtime": 48947.91185879707, "_step": 19500, "_wandb": {"runtime": 50011}}