{"_wandb": {"runtime": 11}, "LOSS/Train": 0.002416694536805153, "F1_Macro/Train": 1.0, "ACCURACY/Train": 1.0, "PRECISION/Train": 1.0, "RECALL/Train": 1.0, "MAE/Train": 0.0, "MCC/Train": 1.0, "_timestamp": 1715696991.910961, "LOSS/Validation": 2.0883743136739725, "F1_Macro/Validation": 0.7701149425287356, "ACCURACY/Validation": 0.6687370600414079, "PRECISION/Validation": 0.7223719676549866, "RECALL/Validation": 0.8246153846153846, "MAE/Validation": 0.33126293995859213, "MCC/Validation": 0.19200319907327956, "_runtime": 12.454240798950195, "_step": 1}