{"LOSS/Train": 0.047696784138679504, "F1_Macro/Train": 1.0, "ACCURACY/Train": 1.0, "PRECISION/Train": 1.0, "RECALL/Train": 1.0, "MAE/Train": 0.0, "MCC/Train": 1.0, "_timestamp": 1715476649.3675628, "LOSS/Validation": 0.8796443127281964, "F1_Macro/Validation": 0.7469026548672566, "ACCURACY/Validation": 0.6420525657071339, "PRECISION/Validation": 0.7429577464788732, "RECALL/Validation": 0.7508896797153025, "MAE/Validation": 0.3579474342928661, "MCC/Validation": 0.1358726993344888, "_runtime": 32604.41680073738, "_step": 19500, "_wandb": {"runtime": 33330}}