{"LOSS/Train": 0.5650184154510498, "F1-Macro/Train": 0.8571428571428571, "ACCURACY/Train": 0.75, "PRECISION/Train": 0.75, "RECALL/Train": 1.0, "MAE/Train": 0.25, "MCC/Train": 0.0, "_timestamp": 1715122294.8092072, "LOSS/Validation": 0.608245092779398, "F1-Macro/Validation": 0.8258633357825128, "ACCURACY/Validation": 0.7033792240300375, "PRECISION/Validation": 0.7033792240300375, "RECALL/Validation": 1.0, "MAE/Validation": 0.29662077596996245, "MCC/Validation": 0.0, "_runtime": 1843.4283192157745, "_step": 1000, "_wandb": {"runtime": 2269}}