{"LOSS/Train": 0.37732574343681335, "F1_Macro/Train": 0.6666666666666666, "ACCURACY/Train": 0.75, "PRECISION/Train": 1.0, "RECALL/Train": 0.5, "MAE/Train": 0.25, "MCC/Train": 0.5773502691896258, "_timestamp": 1716821140.3946896, "LOSS/Validation": 1.1157964101039097, "F1_Macro/Validation": 0.8278145695364238, "ACCURACY/Validation": 0.7846790890269151, "PRECISION/Validation": 0.8960573476702509, "RECALL/Validation": 0.7692307692307693, "MAE/Validation": 0.2153209109730849, "MCC/Validation": 0.5563117420774307, "_runtime": 3038.6611065864563, "_step": 14508, "_wandb": {"runtime": 3037}, "LOSS/Test": 0.4012024866124569, "F1_Macro/Test": 0.8597285067873304, "ACCURACY/Test": 0.8078512396694215, "PRECISION/Test": 0.8431952662721893, "RECALL/Test": 0.8769230769230769, "MAE/Test": 0.1921487603305785, "MCC/Test": 0.5562585745092679}