{"LOSS/Train": 0.8543654680252075, "F1_Macro/Train": 0.4, "ACCURACY/Train": 0.25, "PRECISION/Train": 0.25, "RECALL/Train": 1.0, "MAE/Train": 0.75, "MCC/Train": 0.0, "_timestamp": 1715634722.7347126, "_runtime": 554.8815004825592, "_step": 250, "_wandb": {"runtime": 553}, "LOSS/Validation": 0.6363076547945826, "F1_Macro/Validation": 0.8044554455445545, "ACCURACY/Validation": 0.6728778467908902, "PRECISION/Validation": 0.6728778467908902, "RECALL/Validation": 1.0, "MAE/Validation": 0.32712215320910976, "MCC/Validation": 0.0}