{"LOSS/Train": 0.24422749876976013, "F1_Macro/Train": 1.0, "ACCURACY/Train": 1.0, "PRECISION/Train": 1.0, "RECALL/Train": 1.0, "MAE/Train": 0.0, "MCC/Train": 0.0, "_timestamp": 1716997091.308681, "LOSS/Validation": 0.610469508762202, "F1_Macro/Validation": 0.807843137254902, "ACCURACY/Validation": 0.6956521739130435, "PRECISION/Validation": 0.7022727272727273, "RECALL/Validation": 0.9507692307692308, "MAE/Validation": 0.30434782608695654, "MCC/Validation": 0.20041984224231255, "_runtime": 3051.3558161258698, "_step": 14508, "_wandb": {"runtime": 3050}, "LOSS/Test": 0.3953337126588526, "F1_Macro/Test": 0.866965620328849, "ACCURACY/Test": 0.8161157024793388, "PRECISION/Test": 0.8430232558139535, "RECALL/Test": 0.8923076923076924, "MAE/Test": 0.18388429752066116, "MCC/Test": 0.5724989853825799}