{"LOSS/Train": 0.0078035821206867695, "F1_Macro/Train": 1.0, "ACCURACY/Train": 1.0, "PRECISION/Train": 1.0, "RECALL/Train": 1.0, "MAE/Train": 0.0, "MCC/Train": 1.0, "_timestamp": 1716648879.9224195, "LOSS/Validation": 0.6956022398436658, "F1_Macro/Validation": 0.8374384236453202, "ACCURACY/Validation": 0.7950310559006211, "PRECISION/Validation": 0.897887323943662, "RECALL/Validation": 0.7846153846153846, "MAE/Validation": 0.20496894409937888, "MCC/Validation": 0.5729415901964697, "_runtime": 1228.2231965065002, "_step": 5750, "_wandb": {"runtime": 1247}}