{"LOSS/Train": 0.42682576179504395, "F1_Macro/Train": 0.6666666666666666, "ACCURACY/Train": 0.5, "PRECISION/Train": 1.0, "RECALL/Train": 0.5, "MAE/Train": 0.5, "MCC/Train": 0.0, "_timestamp": 1715547956.7294648, "LOSS/Validation": 0.5355134691298008, "F1_Macro/Validation": 0.831636648394675, "ACCURACY/Validation": 0.7309136420525657, "PRECISION/Validation": 0.7426573426573426, "RECALL/Validation": 0.9448398576512456, "MAE/Validation": 0.2690863579474343, "MCC/Validation": 0.25088142271963304, "_runtime": 46882.41521668434, "_step": 19990, "_wandb": {"runtime": 46882}, "LOSS/Test": 0.5218718975037336, "F1_Macro/Test": 0.8478260869565217, "ACCURACY/Test": 0.755, "PRECISION/Test": 0.7520661157024794, "RECALL/Test": 0.9715302491103203, "MAE/Test": 0.245, "MCC/Test": 0.33960235050727927}