{"LOSS/Train": 0.00016493082512170076, "F1_Macro/Train": 1.0, "ACCURACY/Train": 1.0, "PRECISION/Train": 1.0, "RECALL/Train": 1.0, "MAE/Train": 0.0, "MCC/Train": 1.0, "_timestamp": 1715608674.7924616, "LOSS/Validation": 0.9649889661661952, "F1_Macro/Validation": 0.875, "ACCURACY/Validation": 0.8219461697722568, "PRECISION/Validation": 0.8292011019283747, "RECALL/Validation": 0.9261538461538461, "MAE/Validation": 0.17805383022774326, "MCC/Validation": 0.579513004453001, "_runtime": 9176.351331710815, "_step": 14508, "_wandb": {"runtime": 9175}, "LOSS/Test": 1.194879267545617, "F1_Macro/Test": 0.8374816983894583, "ACCURACY/Test": 0.7706611570247934, "PRECISION/Test": 0.7988826815642458, "RECALL/Test": 0.88, "MAE/Test": 0.22933884297520662, "MCC/Test": 0.45720819878655994}