{"LOSS/Train": 0.0018481984734535217, "F1_Macro/Train": 1.0, "ACCURACY/Train": 1.0, "PRECISION/Train": 1.0, "RECALL/Train": 1.0, "MAE/Train": 0.0, "MCC/Train": 1.0, "_timestamp": 1715643683.0545902, "LOSS/Validation": 0.7879890214569082, "F1_Macro/Validation": 0.8720238095238095, "ACCURACY/Validation": 0.8219461697722568, "PRECISION/Validation": 0.8443804034582133, "RECALL/Validation": 0.9015384615384615, "MAE/Validation": 0.17805383022774326, "MCC/Validation": 0.5839057993038588, "_runtime": 10732.57787513733, "_step": 14500, "_wandb": {"runtime": 10753}}