{"LOSS/Train": 0.0009873334784060717, "F1_Macro/Train": 1.0, "ACCURACY/Train": 1.0, "PRECISION/Train": 1.0, "RECALL/Train": 1.0, "MAE/Train": 0.0, "MCC/Train": 1.0, "_timestamp": 1715384206.4632328, "LOSS/Validation": 0.8392903326876694, "F1_Macro/Validation": 0.8689655172413793, "ACCURACY/Validation": 0.8097622027534418, "PRECISION/Validation": 0.842809364548495, "RECALL/Validation": 0.896797153024911, "MAE/Validation": 0.1902377972465582, "MCC/Validation": 0.5265185503099101, "_runtime": 29731.044345855713, "_step": 19500, "_wandb": {"runtime": 30432}}