{"_wandb": {"runtime": 13}, "LOSS/Train": 0.5876155495643616, "F1_Macro/Train": 0.8571428571428571, "ACCURACY/Train": 0.75, "PRECISION/Train": 0.75, "RECALL/Train": 1.0, "MAE/Train": 0.25, "MCC/Train": 0.0, "_timestamp": 1715622278.611209, "_runtime": 13.736164808273315, "_step": 1}