{"_wandb": {"runtime": 11}, "LOSS/Train": 1.2801884412765503, "F1_Macro/Train": 0.8571428571428571, "ACCURACY/Train": 0.75, "PRECISION/Train": 0.75, "RECALL/Train": 1.0, "MAE/Train": 0.25, "MCC/Train": 0.0, "_timestamp": 1715697268.1428585, "LOSS/Validation": 2.884254577992661, "F1_Macro/Validation": 0.7383177570093458, "ACCURACY/Validation": 0.6521739130434783, "PRECISION/Validation": 0.7476340694006309, "RECALL/Validation": 0.7292307692307692, "MAE/Validation": 0.34782608695652173, "MCC/Validation": 0.2201911412827878, "_runtime": 12.219971418380737, "_step": 1}