{"LOSS/Train": 0.20809102058410645, "F1_Macro/Train": 0.8571428571428571, "ACCURACY/Train": 0.75, "PRECISION/Train": 0.75, "RECALL/Train": 1.0, "MAE/Train": 0.25, "MCC/Train": 0.0, "_timestamp": 1718624566.8924096, "LOSS/Validation": 0.5867937155258418, "F1_Macro/Validation": 0.8571428571428571, "ACCURACY/Validation": 0.8033126293995859, "PRECISION/Validation": 0.8382352941176471, "RECALL/Validation": 0.8769230769230769, "MAE/Validation": 0.19668737060041408, "MCC/Validation": 0.543465658013753, "_runtime": 1041.5045654773712, "_step": 12090, "_wandb": {"runtime": 1040}, "LOSS/Test": 0.38480167999124726, "F1_Macro/Test": 0.8703703703703703, "ACCURACY/Test": 0.8264462809917356, "PRECISION/Test": 0.8730650154798761, "RECALL/Test": 0.8676923076923077, "MAE/Test": 0.17355371900826447, "MCC/Test": 0.6079044291383147}