{"_wandb": {"runtime": 68}, "LOSS/Train": 0.7979360222816467, "F1_Macro/Train": 0.6666666666666666, "ACCURACY/Train": 0.5, "PRECISION/Train": 0.5, "RECALL/Train": 1.0, "MAE/Train": 0.5, "MCC/Train": 0.0, "_timestamp": 1715642578.6784143, "_runtime": 13.917184352874756, "_step": 1}