{"LOSS/Train": 0.40213215351104736, "F1_Macro/Train": 0.8571428571428571, "ACCURACY/Train": 0.75, "PRECISION/Train": 0.75, "RECALL/Train": 1.0, "MAE/Train": 0.25, "MCC/Train": 0.0, "_timestamp": 1715343815.1259494, "_runtime": 1731.761132478714, "_step": 2200, "LOSS/Validation": 0.47584174892072345, "F1_Macro/Validation": 0.8618618618618619, "ACCURACY/Validation": 0.8095238095238095, "PRECISION/Validation": 0.841642228739003, "RECALL/Validation": 0.8830769230769231, "MAE/Validation": 0.19047619047619047, "MCC/Validation": 0.5574304868500097}