{"_wandb": {"runtime": 49}, "LOSS/Train": 0.6892366409301758, "F1_Macro/Train": 0.8571428571428571, "ACCURACY/Train": 0.75, "PRECISION/Train": 1.0, "RECALL/Train": 0.75, "MAE/Train": 0.25, "MCC/Train": 0.0, "_timestamp": 1716494847.8316555, "LOSS/Validation": 0.6877737202920204, "F1_Macro/Validation": 0.7002967359050445, "ACCURACY/Validation": 0.5817805383022774, "PRECISION/Validation": 0.6762177650429799, "RECALL/Validation": 0.7261538461538461, "MAE/Validation": 0.41821946169772256, "MCC/Validation": 0.011488757383553434, "_runtime": 16.80888056755066, "_step": 1}