{"_wandb": {"runtime": 11}, "LOSS/Train": 0.000535959261469543, "F1_Macro/Train": 1.0, "ACCURACY/Train": 1.0, "PRECISION/Train": 1.0, "RECALL/Train": 1.0, "MAE/Train": 0.0, "MCC/Train": 1.0, "_timestamp": 1715697072.0597713, "LOSS/Validation": 2.348513935442099, "F1_Macro/Validation": 0.7769985974754559, "ACCURACY/Validation": 0.6708074534161491, "PRECISION/Validation": 0.7139175257731959, "RECALL/Validation": 0.8523076923076923, "MAE/Validation": 0.32919254658385094, "MCC/Validation": 0.17678072959309496, "_runtime": 12.908675193786621, "_step": 1}