{"LOSS/Train": 1.5065275430679321, "F1_Macro/Train": 0.0, "ACCURACY/Train": 0.25, "PRECISION/Train": 0.0, "RECALL/Train": 0.0, "MAE/Train": 0.75, "MCC/Train": 0.0, "_timestamp": 1715631968.4975338, "_runtime": 9398.581443786621, "_step": 14500, "LOSS/Validation": 0.6340818225352232, "F1_Macro/Validation": 0.8051282051282052, "ACCURACY/Validation": 0.6853002070393375, "PRECISION/Validation": 0.6901098901098901, "RECALL/Validation": 0.9661538461538461, "MAE/Validation": 0.3146997929606625, "MCC/Validation": 0.1480608939338337, "_wandb": {"runtime": 9400}}