{"_wandb": {"runtime": 39}, "LOSS/Train": 0.6892366409301758, "F1_Macro/Train": 0.8571428571428571, "ACCURACY/Train": 0.75, "PRECISION/Train": 1.0, "RECALL/Train": 0.75, "MAE/Train": 0.25, "MCC/Train": 0.0, "_timestamp": 1716531664.668083, "LOSS/Validation": 0.6593702534013544, "F1_Macro/Validation": 0.8049689440993789, "ACCURACY/Validation": 0.6749482401656315, "PRECISION/Validation": 0.675, "RECALL/Validation": 0.9969230769230769, "MAE/Validation": 0.3250517598343685, "MCC/Validation": 0.057215491464164506, "_runtime": 17.12594485282898, "_step": 1}