{"_wandb": {"runtime": 11}, "LOSS/Train": 0.0010936807375401258, "F1_Macro/Train": 1.0, "ACCURACY/Train": 1.0, "PRECISION/Train": 1.0, "RECALL/Train": 1.0, "MAE/Train": 0.0, "MCC/Train": 1.0, "_timestamp": 1715697008.1554575, "LOSS/Validation": 2.4089797546655087, "F1_Macro/Validation": 0.7467438494934877, "ACCURACY/Validation": 0.6376811594202898, "PRECISION/Validation": 0.7049180327868853, "RECALL/Validation": 0.7938461538461539, "MAE/Validation": 0.36231884057971014, "MCC/Validation": 0.12078681987798333, "_runtime": 12.669015407562256, "_step": 1}