{"LOSS/Train": 0.6416125893592834, "F1_Macro/Train": 0.8571428571428571, "ACCURACY/Train": 0.75, "PRECISION/Train": 0.75, "RECALL/Train": 1.0, "MAE/Train": 0.25, "MCC/Train": 0.0, "_timestamp": 1715667363.3200881, "LOSS/Validation": 0.6568610338140125, "F1_Macro/Validation": 0.7806191117092867, "ACCURACY/Validation": 0.6625258799171843, "PRECISION/Validation": 0.69377990430622, "RECALL/Validation": 0.8923076923076924, "MAE/Validation": 0.33747412008281574, "MCC/Validation": 0.11297891711748292, "_runtime": 23653.678703069687, "_step": 14500, "_wandb": {"runtime": 23656}}