{"LOSS/Train": 0.6791470050811768, "F1_Macro/Train": 0.0, "ACCURACY/Train": 0.5, "PRECISION/Train": 0.0, "RECALL/Train": 0.0, "MAE/Train": 0.5, "MCC/Train": 0.0, "_timestamp": 1716654947.9269617, "LOSS/Validation": 0.7086052522796786, "F1_Macro/Validation": 0.0, "ACCURACY/Validation": 0.44274406332453825, "PRECISION/Validation": 0.0, "RECALL/Validation": 0.0, "MAE/Validation": 0.5572559366754617, "MCC/Validation": 0.0, "_runtime": 66.13794159889221, "_step": 3, "_wandb": {"runtime": 65}, "LOSS/Test": 0.7029972324978283, "F1_Macro/Test": 0.0, "ACCURACY/Test": 0.442842068237777, "PRECISION/Test": 0.0, "RECALL/Test": 0.0, "MAE/Test": 0.5571579317622231, "MCC/Test": 0.0}