{"LOSS/Train": 0.005322274751961231, "F1_Macro/Train": 1.0, "ACCURACY/Train": 1.0, "PRECISION/Train": 1.0, "RECALL/Train": 1.0, "MAE/Train": 0.0, "MCC/Train": 1.0, "_timestamp": 1716907736.040742, "LOSS/Validation": 0.6071859446742903, "F1_Macro/Validation": 0.842809364548495, "ACCURACY/Validation": 0.8053830227743272, "PRECISION/Validation": 0.9230769230769231, "RECALL/Validation": 0.7753846153846153, "MAE/Validation": 0.19461697722567287, "MCC/Validation": 0.6080429885578708, "_runtime": 1279.749550819397, "_step": 5250, "_wandb": {"runtime": 1308}}