{"LOSS/Train": 0.0005495508667081594, "F1_Macro/Train": 1.0, "ACCURACY/Train": 1.0, "PRECISION/Train": 1.0, "RECALL/Train": 1.0, "MAE/Train": 0.0, "MCC/Train": 0.0, "_timestamp": 1716906342.9377275, "LOSS/Validation": 0.6282447799838202, "F1_Macro/Validation": 0.8953846153846153, "ACCURACY/Validation": 0.8592132505175983, "PRECISION/Validation": 0.8953846153846153, "RECALL/Validation": 0.8953846153846153, "MAE/Validation": 0.14078674948240166, "MCC/Validation": 0.6801947419668939, "_runtime": 2572.024503469467, "_step": 12090, "_wandb": {"runtime": 2571}, "LOSS/Test": 0.4517863329099722, "F1_Macro/Test": 0.8585055643879174, "ACCURACY/Test": 0.8161157024793388, "PRECISION/Test": 0.8881578947368421, "RECALL/Test": 0.8307692307692308, "MAE/Test": 0.18388429752066116, "MCC/Test": 0.5995218635614822}