{"_wandb": {"runtime": 11}, "LOSS/Train": 0.004990352317690849, "F1_Macro/Train": 1.0, "ACCURACY/Train": 1.0, "PRECISION/Train": 1.0, "RECALL/Train": 1.0, "MAE/Train": 0.0, "MCC/Train": 0.0, "_timestamp": 1715696927.6689746, "LOSS/Validation": 1.5820608371224116, "F1_Macro/Validation": 0.8025806451612904, "ACCURACY/Validation": 0.6832298136645962, "PRECISION/Validation": 0.6911111111111111, "RECALL/Validation": 0.9569230769230769, "MAE/Validation": 0.3167701863354037, "MCC/Validation": 0.1435127946255618, "_runtime": 12.182336568832397, "_step": 1}