{"_wandb": {"runtime": 31}, "LOSS/Train": 0.00845387950539589, "F1_Macro/Train": 1.0, "ACCURACY/Train": 1.0, "PRECISION/Train": 1.0, "RECALL/Train": 1.0, "MAE/Train": 0.0, "MCC/Train": 1.0, "_timestamp": 1715626255.7038367, "LOSS/Validation": 0.5968156083552397, "F1_Macro/Validation": 0.8585055643879174, "ACCURACY/Validation": 0.8157349896480331, "PRECISION/Validation": 0.8881578947368421, "RECALL/Validation": 0.8307692307692308, "MAE/Validation": 0.18426501035196688, "MCC/Validation": 0.5979859285912765, "_runtime": 11.747015714645386, "_step": 1}