{"LOSS/Train": 0.45906659960746765, "F1_Macro/Train": 1.0, "ACCURACY/Train": 1.0, "PRECISION/Train": 1.0, "RECALL/Train": 1.0, "MAE/Train": 0.0, "MCC/Train": 1.0, "_timestamp": 1715632331.8269014, "_runtime": 352.3029284477234, "_step": 250, "_wandb": {"runtime": 351}, "LOSS/Validation": 0.6339907013187723, "F1_Macro/Validation": 0.7817938420348058, "ACCURACY/Validation": 0.6625258799171843, "PRECISION/Validation": 0.6919431279620853, "RECALL/Validation": 0.8984615384615384, "MAE/Validation": 0.33747412008281574, "MCC/Validation": 0.1068836876745891}