{"LOSS/Train": 0.7447293400764465, "F1_Macro/Train": 0.6666666666666666, "ACCURACY/Train": 0.5, "PRECISION/Train": 0.5, "RECALL/Train": 1.0, "MAE/Train": 0.5, "MCC/Train": 0.0, "_timestamp": 1718547712.6649911, "LOSS/Validation": 0.6370470112512919, "F1_Macro/Validation": 0.8044554455445545, "ACCURACY/Validation": 0.6728778467908902, "PRECISION/Validation": 0.6728778467908902, "RECALL/Validation": 1.0, "MAE/Validation": 0.32712215320910976, "MCC/Validation": 0.0, "_runtime": 280.13259720802307, "_step": 1209, "_wandb": {"runtime": 279}, "LOSS/Test": 0.656925456090407, "F1_Macro/Test": 0.8, "ACCURACY/Test": 0.6673553719008265, "PRECISION/Test": 0.6708333333333333, "RECALL/Test": 0.9907692307692307, "MAE/Test": 0.33264462809917356, "MCC/Test": -0.015259936658712937}