{"LOSS/Train": 0.00016082859656307846, "F1_Macro/Train": 1.0, "ACCURACY/Train": 1.0, "PRECISION/Train": 1.0, "RECALL/Train": 1.0, "MAE/Train": 0.0, "MCC/Train": 1.0, "_timestamp": 1716758538.5495625, "LOSS/Validation": 0.9185281031477494, "F1_Macro/Validation": 0.8813056379821959, "ACCURACY/Validation": 0.8343685300207039, "PRECISION/Validation": 0.8510028653295129, "RECALL/Validation": 0.9138461538461539, "MAE/Validation": 0.16563146997929606, "MCC/Validation": 0.612720122910436, "_runtime": 1671.9008774757385, "_step": 14508, "_wandb": {"runtime": 1671}, "LOSS/Test": 0.381889946635597, "F1_Macro/Test": 0.8562091503267973, "ACCURACY/Test": 0.8181818181818182, "PRECISION/Test": 0.9128919860627178, "RECALL/Test": 0.8061538461538461, "MAE/Test": 0.18181818181818182, "MCC/Test": 0.6203804519558557}