{"_wandb": {"runtime": 10}, "LOSS/Train": 0.00011177835403941572, "F1_Macro/Train": 1.0, "ACCURACY/Train": 1.0, "PRECISION/Train": 1.0, "RECALL/Train": 1.0, "MAE/Train": 0.0, "MCC/Train": 1.0, "_timestamp": 1715697188.3634918, "LOSS/Validation": 2.9583149941055193, "F1_Macro/Validation": 0.7459138187221397, "ACCURACY/Validation": 0.6459627329192547, "PRECISION/Validation": 0.7212643678160919, "RECALL/Validation": 0.7723076923076924, "MAE/Validation": 0.35403726708074534, "MCC/Validation": 0.16558616277932245, "_runtime": 12.005714654922485, "_step": 1}