{"LOSS/Train": 0.0003171262505929917, "F1_Macro/Train": 1.0, "ACCURACY/Train": 1.0, "PRECISION/Train": 1.0, "RECALL/Train": 1.0, "MAE/Train": 0.0, "MCC/Train": 1.0, "_timestamp": 1716756155.3865628, "LOSS/Validation": 1.0581409719287433, "F1_Macro/Validation": 0.8744326777609682, "ACCURACY/Validation": 0.8281573498964804, "PRECISION/Validation": 0.8601190476190477, "RECALL/Validation": 0.8892307692307693, "MAE/Validation": 0.17184265010351968, "MCC/Validation": 0.603377756408571, "_runtime": 1658.995169878006, "_step": 14508, "_wandb": {"runtime": 1658}, "LOSS/Test": 0.386920613967929, "F1_Macro/Test": 0.8657616892911011, "ACCURACY/Test": 0.8161157024793388, "PRECISION/Test": 0.849112426035503, "RECALL/Test": 0.8830769230769231, "MAE/Test": 0.18388429752066116, "MCC/Test": 0.5754276133175615}