{"_wandb": {"runtime": 63}, "LOSS/Train": 0.4068903625011444, "F1_Macro/Train": 0.8571428571428571, "ACCURACY/Train": 0.75, "PRECISION/Train": 1.0, "RECALL/Train": 0.75, "MAE/Train": 0.25, "MCC/Train": 0.0, "_timestamp": 1715636161.6840382, "_runtime": 13.816447257995605, "_step": 1}