{"_wandb": {"runtime": 10}, "LOSS/Train": 2.562899112701416, "F1_Macro/Train": 0.8, "ACCURACY/Train": 0.75, "PRECISION/Train": 0.6666666666666666, "RECALL/Train": 1.0, "MAE/Train": 0.25, "MCC/Train": 0.5773502691896258, "_timestamp": 1715697219.9886842, "LOSS/Validation": 3.087543413393561, "F1_Macro/Validation": 0.7321428571428571, "ACCURACY/Validation": 0.6273291925465838, "PRECISION/Validation": 0.7089337175792507, "RECALL/Validation": 0.7569230769230769, "MAE/Validation": 0.37267080745341613, "MCC/Validation": 0.12275754053691965, "_runtime": 11.80401611328125, "_step": 1}