{"LOSS/Train": 0.5881003737449646, "F1_Macro/Train": 0.8571428571428571, "ACCURACY/Train": 0.75, "PRECISION/Train": 1.0, "RECALL/Train": 0.75, "MAE/Train": 0.25, "MCC/Train": 0.0, "_timestamp": 1718627556.5434685, "LOSS/Validation": 0.5303716415092965, "F1_Macro/Validation": 0.8465116279069768, "ACCURACY/Validation": 0.7950310559006211, "PRECISION/Validation": 0.853125, "RECALL/Validation": 0.84, "MAE/Validation": 0.20496894409937888, "MCC/Validation": 0.5383026378765601, "_runtime": 2190.792937517166, "_step": 12090, "_wandb": {"runtime": 2190}, "LOSS/Test": 0.4139159883349395, "F1_Macro/Test": 0.8571428571428571, "ACCURACY/Test": 0.8016528925619835, "PRECISION/Test": 0.829971181556196, "RECALL/Test": 0.8861538461538462, "MAE/Test": 0.19834710743801653, "MCC/Test": 0.5370241804133584}