{"LOSS/Train": 0.008783548139035702, "F1_Macro/Train": 1.0, "ACCURACY/Train": 1.0, "PRECISION/Train": 1.0, "RECALL/Train": 1.0, "MAE/Train": 0.0, "MCC/Train": 1.0, "_timestamp": 1718612317.1432135, "LOSS/Validation": 0.6648535168862494, "F1_Macro/Validation": 0.8470254957507082, "ACCURACY/Validation": 0.7763975155279503, "PRECISION/Validation": 0.7847769028871391, "RECALL/Validation": 0.92, "MAE/Validation": 0.2236024844720497, "MCC/Validation": 0.4609626438888309, "_runtime": 990.581006526947, "_step": 12090, "_wandb": {"runtime": 989}, "LOSS/Test": 0.41140245563112016, "F1_Macro/Test": 0.8579970104633782, "ACCURACY/Test": 0.8037190082644629, "PRECISION/Test": 0.8343023255813954, "RECALL/Test": 0.8830769230769231, "MAE/Test": 0.1962809917355372, "MCC/Test": 0.5433929445290958}