{"LOSS/Train": 0.5391321182250977, "F1_Macro/Train": 1.0, "ACCURACY/Train": 1.0, "PRECISION/Train": 1.0, "RECALL/Train": 1.0, "MAE/Train": 0.0, "MCC/Train": 0.0, "_timestamp": 1715257753.6460235, "LOSS/Validation": 0.6319621840119362, "F1_Macro/Validation": 0.8258633357825128, "ACCURACY/Validation": 0.7033792240300375, "PRECISION/Validation": 0.7033792240300375, "RECALL/Validation": 1.0, "MAE/Validation": 0.29662077596996245, "MCC/Validation": 0.0, "_runtime": 6166.441618442535, "_step": 13000, "_wandb": {"runtime": 6314}}