{"LOSS/Train": 0.6525260210037231, "F1_Macro/Train": 0.6666666666666666, "ACCURACY/Train": 0.5, "PRECISION/Train": 0.5, "RECALL/Train": 1.0, "MAE/Train": 0.5, "MCC/Train": 0.0, "_timestamp": 1715443714.3498724, "LOSS/Validation": 0.6597359278798103, "F1_Macro/Validation": 0.7467134092900964, "ACCURACY/Validation": 0.6382978723404256, "PRECISION/Validation": 0.7357512953367875, "RECALL/Validation": 0.7580071174377224, "MAE/Validation": 0.3617021276595745, "MCC/Validation": 0.11497485706275877, "_runtime": 14241.9534573555, "_step": 19500, "_wandb": {"runtime": 14565}}