{"_wandb": {"runtime": 10}, "LOSS/Train": 0.051985226571559906, "F1_Macro/Train": 1.0, "ACCURACY/Train": 1.0, "PRECISION/Train": 1.0, "RECALL/Train": 1.0, "MAE/Train": 0.0, "MCC/Train": 1.0, "_timestamp": 1715696959.0806375, "LOSS/Validation": 1.7037274347395013, "F1_Macro/Validation": 0.7440476190476191, "ACCURACY/Validation": 0.6438923395445134, "PRECISION/Validation": 0.7204610951008645, "RECALL/Validation": 0.7692307692307693, "MAE/Validation": 0.35610766045548653, "MCC/Validation": 0.16200420085751022, "_runtime": 11.960481405258179, "_step": 1}