{"_wandb": {"runtime": 11}, "LOSS/Train": 0.00011874925985466689, "F1_Macro/Train": 1.0, "ACCURACY/Train": 1.0, "PRECISION/Train": 1.0, "RECALL/Train": 1.0, "MAE/Train": 0.0, "MCC/Train": 1.0, "_timestamp": 1715697285.8185236, "LOSS/Validation": 3.2707650023422343, "F1_Macro/Validation": 0.7158555729984302, "ACCURACY/Validation": 0.6252587991718427, "PRECISION/Validation": 0.7307692307692307, "RECALL/Validation": 0.7015384615384616, "MAE/Validation": 0.3747412008281574, "MCC/Validation": 0.1666748529868995, "_runtime": 13.000799655914307, "_step": 1}