{"LOSS/Train": 0.005587894935160875, "F1_Macro/Train": 1.0, "ACCURACY/Train": 1.0, "PRECISION/Train": 1.0, "RECALL/Train": 1.0, "MAE/Train": 0.0, "MCC/Train": 1.0, "_timestamp": 1715513358.0888343, "LOSS/Validation": 0.9510949893825454, "F1_Macro/Validation": 0.856401384083045, "ACCURACY/Validation": 0.7922403003754693, "PRECISION/Validation": 0.8333333333333334, "RECALL/Validation": 0.8807829181494662, "MAE/Validation": 0.20775969962453067, "MCC/Validation": 0.48429586105915384, "_runtime": 12511.024145364761, "_step": 19750, "_wandb": {"runtime": 12664}}