{"_wandb": {"runtime": 11}, "LOSS/Train": 0.0001265310129383579, "F1_Macro/Train": 1.0, "ACCURACY/Train": 1.0, "PRECISION/Train": 1.0, "RECALL/Train": 1.0, "MAE/Train": 0.0, "MCC/Train": 0.0, "_timestamp": 1715697120.4452052, "LOSS/Validation": 2.540795018328695, "F1_Macro/Validation": 0.782016348773842, "ACCURACY/Validation": 0.6687370600414079, "PRECISION/Validation": 0.7017114914425427, "RECALL/Validation": 0.8830769230769231, "MAE/Validation": 0.33126293995859213, "MCC/Validation": 0.1444848271723821, "_runtime": 12.723748207092285, "_step": 1}