{"_wandb": {"runtime": 19}, "LOSS/Train": 0.709509551525116, "F1_Macro/Train": 0.6666666666666666, "ACCURACY/Train": 0.5, "PRECISION/Train": 0.6666666666666666, "RECALL/Train": 0.6666666666666666, "MAE/Train": 0.5, "MCC/Train": -0.3333333333333333, "_timestamp": 1716531277.1868784, "LOSS/Validation": 0.6711118088280859, "F1_Macro/Validation": 0.7912371134020618, "ACCURACY/Validation": 0.6645962732919255, "PRECISION/Validation": 0.6807095343680709, "RECALL/Validation": 0.9446153846153846, "MAE/Validation": 0.33540372670807456, "MCC/Validation": 0.0626679578666236, "_runtime": 17.295570373535156, "_step": 1}