{"LOSS/Train": 0.6712583303451538, "F1_Macro/Train": 0.6666666666666666, "ACCURACY/Train": 0.5, "PRECISION/Train": 0.5, "RECALL/Train": 1.0, "MAE/Train": 0.5, "MCC/Train": 0.0, "_timestamp": 1718546993.8150136, "LOSS/Validation": 0.5820160761845014, "F1_Macro/Validation": 0.8146279949558638, "ACCURACY/Validation": 0.6956521739130435, "PRECISION/Validation": 0.6901709401709402, "RECALL/Validation": 0.9938461538461538, "MAE/Validation": 0.30434782608695654, "MCC/Validation": 0.20588603521406587, "_runtime": 270.34121465682983, "_step": 1209, "_wandb": {"runtime": 269}, "LOSS/Test": 0.6014653417197141, "F1_Macro/Test": 0.8080301129234629, "ACCURACY/Test": 0.6838842975206612, "PRECISION/Test": 0.6822033898305084, "RECALL/Test": 0.9907692307692307, "MAE/Test": 0.31611570247933884, "MCC/Test": 0.14309008724685718}