{"LOSS/Train": 0.012800246477127075, "F1_Macro/Train": 1.0, "ACCURACY/Train": 1.0, "PRECISION/Train": 1.0, "RECALL/Train": 1.0, "MAE/Train": 0.0, "MCC/Train": 1.0, "_timestamp": 1715626234.9085622, "LOSS/Validation": 0.5610178182024724, "F1_Macro/Validation": 0.8862275449101796, "ACCURACY/Validation": 0.8426501035196687, "PRECISION/Validation": 0.8629737609329446, "RECALL/Validation": 0.9107692307692308, "MAE/Validation": 0.15734989648033126, "MCC/Validation": 0.6342094827614622, "_runtime": 15781.169121265411, "_step": 14500, "_wandb": {"runtime": 15784}}