{"LOSS/Train": 0.4799632430076599, "F1_Macro/Train": 0.6666666666666666, "ACCURACY/Train": 0.5, "PRECISION/Train": 0.6666666666666666, "RECALL/Train": 0.6666666666666666, "MAE/Train": 0.5, "MCC/Train": -0.3333333333333333, "_timestamp": 1716462626.7378414, "LOSS/Validation": 0.4273795460558627, "F1_Macro/Validation": 0.8663594470046083, "ACCURACY/Validation": 0.8198757763975155, "PRECISION/Validation": 0.8650306748466258, "RECALL/Validation": 0.8676923076923077, "MAE/Validation": 0.18012422360248448, "MCC/Validation": 0.5901775175475387, "_runtime": 569.5994613170624, "_step": 2418, "_wandb": {"runtime": 568}, "LOSS/Test": 0.4958652146468478, "F1_Macro/Test": 0.8385269121813032, "ACCURACY/Test": 0.7644628099173554, "PRECISION/Test": 0.7769028871391076, "RECALL/Test": 0.9107692307692308, "MAE/Test": 0.23553719008264462, "MCC/Test": 0.4316707053267631}