{"LOSS/Train": 0.003217505058273673, "F1-Macro/Train": 1.0, "ACCURACY/Train": 1.0, "PRECISION/Train": 1.0, "RECALL/Train": 1.0, "MAE/Train": 0.0, "MCC/Train": 1.0, "_timestamp": 1715127015.7612238, "LOSS/Validation": 1.451473117274836, "F1-Macro/Validation": 0.8037383177570093, "ACCURACY/Validation": 0.7108886107634543, "PRECISION/Validation": 0.7691056910569106, "RECALL/Validation": 0.8416370106761566, "MAE/Validation": 0.28911138923654567, "MCC/Validation": 0.2630712469391912, "_runtime": 19322.757572889328, "_step": 19500, "_wandb": {"runtime": 19799}}