{"LOSS/Train": 66.87146759033203, "F1_Macro/Train": 0.0, "ACCURACY/Train": 0.25, "PRECISION/Train": 0.0, "RECALL/Train": 0.0, "MAE/Train": 0.75, "MCC/Train": 0.0, "_timestamp": 1716481400.1301382, "_runtime": 60.54546618461609, "_step": 250, "_wandb": {"runtime": 82}, "LOSS/Validation": 59.92181492639967, "F1_Macro/Validation": 0.0, "ACCURACY/Validation": 0.32712215320910976, "PRECISION/Validation": 0.0, "RECALL/Validation": 0.0, "MAE/Validation": 0.6728778467908902, "MCC/Validation": 0.0}