{"LOSS/Train": 0.04030293971300125, "F1_Macro/Train": 1.0, "ACCURACY/Train": 1.0, "PRECISION/Train": 1.0, "RECALL/Train": 1.0, "MAE/Train": 0.0, "MCC/Train": 1.0, "_timestamp": 1715453566.1619806, "_runtime": 13001.873312711716, "_step": 500, "_wandb": {"runtime": 13001}, "LOSS/Validation": 1.2110108858482405, "F1_Macro/Validation": 0.703150912106136, "ACCURACY/Validation": 0.629399585921325, "PRECISION/Validation": 0.762589928057554, "RECALL/Validation": 0.6523076923076923, "MAE/Validation": 0.37060041407867494, "MCC/Validation": 0.2226759461870524}