{"_wandb": {"runtime": 7228}, "LOSS/Train": 0.890342116355896, "F1_Macro/Train": 0.6666666666666666, "ACCURACY/Train": 0.5, "PRECISION/Train": 0.5, "RECALL/Train": 1.0, "MAE/Train": 0.5, "MCC/Train": 0.0, "_timestamp": 1715520750.400029, "LOSS/Validation": 0.6245445927977562, "F1_Macro/Validation": 0.8258633357825128, "ACCURACY/Validation": 0.7033792240300375, "PRECISION/Validation": 0.7033792240300375, "RECALL/Validation": 1.0, "MAE/Validation": 0.29662077596996245, "MCC/Validation": 0.0, "_runtime": 7228.717306852341, "_step": 250}