{"LOSS/Train": 0.5855239033699036, "F1_Macro/Train": 0.8571428571428571, "ACCURACY/Train": 0.75, "PRECISION/Train": 0.75, "RECALL/Train": 1.0, "MAE/Train": 0.25, "MCC/Train": 0.0, "_timestamp": 1717000060.2256207, "LOSS/Validation": 0.6362260646563916, "F1_Macro/Validation": 0.8044554455445545, "ACCURACY/Validation": 0.6728778467908902, "PRECISION/Validation": 0.6728778467908902, "RECALL/Validation": 1.0, "MAE/Validation": 0.32712215320910976, "MCC/Validation": 0.0, "_runtime": 2547.4343116283417, "_step": 12090, "_wandb": {"runtime": 2546}, "LOSS/Test": 0.3880883087827401, "F1_Macro/Test": 0.8650306748466258, "ACCURACY/Test": 0.8181818181818182, "PRECISION/Test": 0.8623853211009175, "RECALL/Test": 0.8676923076923077, "MAE/Test": 0.18181818181818182, "MCC/Test": 0.5865835850248543}