{"LOSS/Train": 0.13048164546489716, "F1_Macro/Train": 1.0, "ACCURACY/Train": 1.0, "PRECISION/Train": 1.0, "RECALL/Train": 1.0, "MAE/Train": 0.0, "MCC/Train": 0.0, "_timestamp": 1715359260.9817016, "_runtime": 9892.723633527756, "_step": 9500, "LOSS/Validation": 0.6117608976038172, "F1_Macro/Validation": 0.8617472434266328, "ACCURACY/Validation": 0.7959949937421777, "PRECISION/Validation": 0.8233387358184765, "RECALL/Validation": 0.9039145907473309, "MAE/Validation": 0.20400500625782228, "MCC/Validation": 0.48355516462660597}