{"_wandb": {"runtime": 11}, "LOSS/Train": 0.0002632940304465592, "F1_Macro/Train": 1.0, "ACCURACY/Train": 1.0, "PRECISION/Train": 1.0, "RECALL/Train": 1.0, "MAE/Train": 0.0, "MCC/Train": 1.0, "_timestamp": 1715697153.4432673, "LOSS/Validation": 2.691442180505024, "F1_Macro/Validation": 0.7585185185185185, "ACCURACY/Validation": 0.6625258799171843, "PRECISION/Validation": 0.7314285714285714, "RECALL/Validation": 0.7876923076923077, "MAE/Validation": 0.33747412008281574, "MCC/Validation": 0.20244981435036588, "_runtime": 12.897003412246704, "_step": 1}