{"LOSS/Train": 0.0023635721299797297, "F1_Macro/Train": 1.0, "ACCURACY/Train": 1.0, "PRECISION/Train": 1.0, "RECALL/Train": 1.0, "MAE/Train": 0.0, "MCC/Train": 1.0, "_timestamp": 1717058004.5547993, "LOSS/Validation": 0.7333620821151301, "F1_Macro/Validation": 0.8868501529051988, "ACCURACY/Validation": 0.8467908902691511, "PRECISION/Validation": 0.8814589665653495, "RECALL/Validation": 0.8923076923076924, "MAE/Validation": 0.15320910973084886, "MCC/Validation": 0.6498146376602382, "_runtime": 2549.060388326645, "_step": 12090, "_wandb": {"runtime": 2548}, "LOSS/Test": 0.3935676172437254, "F1_Macro/Test": 0.8771929824561403, "ACCURACY/Test": 0.8264462809917356, "PRECISION/Test": 0.8356545961002786, "RECALL/Test": 0.9230769230769231, "MAE/Test": 0.17355371900826447, "MCC/Test": 0.5923565290014227}