{"LOSS/Train": 0.004821312613785267, "F1-Macro/Train": 1.0, "ACCURACY/Train": 1.0, "PRECISION/Train": 1.0, "RECALL/Train": 1.0, "MAE/Train": 0.0, "MCC/Train": 1.0, "_timestamp": 1715107534.3277152, "LOSS/Validation": 1.2971446255769115, "F1-Macro/Validation": 0.7883742052679382, "ACCURACY/Validation": 0.7083854818523154, "PRECISION/Validation": 0.8051948051948052, "RECALL/Validation": 0.7722419928825622, "MAE/Validation": 0.29161451814768463, "MCC/Validation": 0.3209418869595044, "_runtime": 6484.32164311409, "_step": 19500, "_wandb": {"runtime": 6638}}