{"LOSS/Train": 0.7426403164863586, "F1_Macro/Train": 0.6666666666666666, "ACCURACY/Train": 0.5, "PRECISION/Train": 0.5, "RECALL/Train": 1.0, "MAE/Train": 0.5, "MCC/Train": 0.0, "_timestamp": 1715192520.5792234, "LOSS/Validation": 0.6131332531571388, "F1_Macro/Validation": 0.8258633357825128, "ACCURACY/Validation": 0.7033792240300375, "PRECISION/Validation": 0.7033792240300375, "RECALL/Validation": 1.0, "MAE/Validation": 0.29662077596996245, "MCC/Validation": 0.0, "_runtime": 11739.970870494843, "_step": 19500, "_wandb": {"runtime": 12060}}