{"LOSS/Train": 0.7028605341911316, "F1_Macro/Train": 0.6666666666666666, "ACCURACY/Train": 0.5, "PRECISION/Train": 0.6666666666666666, "RECALL/Train": 0.6666666666666666, "MAE/Train": 0.5, "MCC/Train": -0.3333333333333333, "_timestamp": 1716461997.0580332, "LOSS/Validation": 0.6110717752748285, "F1_Macro/Validation": 0.8198433420365535, "ACCURACY/Validation": 0.7142857142857143, "PRECISION/Validation": 0.7120181405895691, "RECALL/Validation": 0.9661538461538461, "MAE/Validation": 0.2857142857142857, "MCC/Validation": 0.27033086720225286, "_runtime": 533.7026371955872, "_step": 2418, "_wandb": {"runtime": 532}, "LOSS/Test": 0.5478029600844896, "F1_Macro/Test": 0.8214285714285714, "ACCURACY/Test": 0.731404958677686, "PRECISION/Test": 0.7419354838709677, "RECALL/Test": 0.92, "MAE/Test": 0.26859504132231404, "MCC/Test": 0.33456697098119126}