{"_wandb": {"runtime": 11}, "LOSS/Train": 0.00016538400086574256, "F1_Macro/Train": 1.0, "ACCURACY/Train": 1.0, "PRECISION/Train": 1.0, "RECALL/Train": 1.0, "MAE/Train": 0.0, "MCC/Train": 1.0, "_timestamp": 1715697252.1639712, "LOSS/Validation": 2.930705391888363, "F1_Macro/Validation": 0.7450980392156863, "ACCURACY/Validation": 0.650103519668737, "PRECISION/Validation": 0.7307692307692307, "RECALL/Validation": 0.76, "MAE/Validation": 0.3498964803312629, "MCC/Validation": 0.188393184791851, "_runtime": 12.1720871925354, "_step": 1}