{"_wandb": {"runtime": 38}, "LOSS/Train": 0.5636988282203674, "F1_Macro/Train": 0.8571428571428571, "ACCURACY/Train": 0.75, "PRECISION/Train": 0.75, "RECALL/Train": 1.0, "MAE/Train": 0.25, "MCC/Train": 0.0, "_timestamp": 1715635079.4930966, "_runtime": 13.476654529571533, "_step": 1}