{"_wandb": {"runtime": 11}, "LOSS/Train": 0.00042858230881392956, "F1_Macro/Train": 1.0, "ACCURACY/Train": 1.0, "PRECISION/Train": 1.0, "RECALL/Train": 1.0, "MAE/Train": 0.0, "MCC/Train": 1.0, "_timestamp": 1715697055.5203605, "LOSS/Validation": 2.355650753837054, "F1_Macro/Validation": 0.75, "ACCURACY/Validation": 0.6521739130434783, "PRECISION/Validation": 0.7262247838616714, "RECALL/Validation": 0.7753846153846153, "MAE/Validation": 0.34782608695652173, "MCC/Validation": 0.1816275310178055, "_runtime": 12.303452491760254, "_step": 1}