{"_wandb": {"runtime": 10}, "LOSS/Train": 0.001201480976305902, "F1_Macro/Train": 1.0, "ACCURACY/Train": 1.0, "PRECISION/Train": 1.0, "RECALL/Train": 1.0, "MAE/Train": 0.0, "MCC/Train": 1.0, "_timestamp": 1715697103.8248768, "LOSS/Validation": 2.5359847266085094, "F1_Macro/Validation": 0.7896879240162822, "ACCURACY/Validation": 0.6790890269151139, "PRECISION/Validation": 0.7063106796116505, "RECALL/Validation": 0.8953846153846153, "MAE/Validation": 0.32091097308488614, "MCC/Validation": 0.17166016162829617, "_runtime": 11.964847803115845, "_step": 1}