{"LOSS/Train": 0.002283591777086258, "F1_Macro/Train": 1.0, "ACCURACY/Train": 1.0, "PRECISION/Train": 1.0, "RECALL/Train": 1.0, "MAE/Train": 0.0, "MCC/Train": 0.0, "_timestamp": 1715390513.6882784, "_runtime": 18081.214291334152, "_step": 19990, "LOSS/Validation": 1.0829912584838166, "F1_Macro/Validation": 0.8632268632268633, "ACCURACY/Validation": 0.7909887359198998, "PRECISION/Validation": 0.7996965098634294, "RECALL/Validation": 0.9377224199288257, "MAE/Validation": 0.20901126408010012, "MCC/Validation": 0.4574960764997246, "_wandb": {"runtime": 18080}, "LOSS/Test": 0.77179960244408, "F1_Macro/Test": 0.8357933579335793, "ACCURACY/Test": 0.7775, "PRECISION/Test": 0.867816091954023, "RECALL/Test": 0.806049822064057, "MAE/Test": 0.2225, "MCC/Test": 0.4955201669106467}