{"LOSS/Train": 0.7898803949356079, "F1_Macro/Train": 0.6666666666666666, "ACCURACY/Train": 0.5, "PRECISION/Train": 0.5, "RECALL/Train": 1.0, "MAE/Train": 0.5, "MCC/Train": 0.0, "_timestamp": 1715435280.7970822, "_runtime": 6232.877193212509, "_step": 14500, "LOSS/Validation": 0.6354058089335103, "F1_Macro/Validation": 0.8044554455445545, "ACCURACY/Validation": 0.6728778467908902, "PRECISION/Validation": 0.6728778467908902, "RECALL/Validation": 1.0, "MAE/Validation": 0.32712215320910976, "MCC/Validation": 0.0, "_wandb": {"runtime": 6234}}