{"LOSS/Train": 0.004366610664874315, "F1_Macro/Train": 1.0, "ACCURACY/Train": 1.0, "PRECISION/Train": 1.0, "RECALL/Train": 1.0, "MAE/Train": 0.0, "MCC/Train": 1.0, "_timestamp": 1715370054.7238114, "_runtime": 21058.372955322266, "_step": 19990, "LOSS/Validation": 1.267971813014192, "F1_Macro/Validation": 0.8427454387489139, "ACCURACY/Validation": 0.7734668335419274, "PRECISION/Validation": 0.8234295415959253, "RECALL/Validation": 0.8629893238434164, "MAE/Validation": 0.2265331664580726, "MCC/Validation": 0.4401652588371253, "_wandb": {"runtime": 21057}, "LOSS/Test": 0.7789308895875001, "F1_Macro/Test": 0.8145315487571702, "ACCURACY/Test": 0.7575, "PRECISION/Test": 0.8801652892561983, "RECALL/Test": 0.7580071174377224, "MAE/Test": 0.2425, "MCC/Test": 0.48096677608823796}