{"LOSS/Train": 0.0047484589740633965, "F1-Macro/Train": 1.0, "ACCURACY/Train": 1.0, "PRECISION/Train": 1.0, "RECALL/Train": 1.0, "MAE/Train": 0.0, "MCC/Train": 1.0, "_timestamp": 1715092452.024533, "LOSS/Validation": 0.9346334381012276, "F1-Macro/Validation": 0.8642611683848798, "ACCURACY/Validation": 0.8022528160200251, "PRECISION/Validation": 0.8355481727574751, "RECALL/Validation": 0.895017793594306, "MAE/Validation": 0.19774718397997496, "MCC/Validation": 0.5058235167552085, "_runtime": 17903.490646123886, "_step": 19500, "_wandb": {"runtime": 18354}}