{"LOSS/Train": 0.000966156367212534, "F1-Macro/Train": 1.0, "ACCURACY/Train": 1.0, "PRECISION/Train": 1.0, "RECALL/Train": 1.0, "MAE/Train": 0.0, "MCC/Train": 1.0, "_timestamp": 1715133802.9326725, "LOSS/Validation": 1.5752920953672582, "F1-Macro/Validation": 0.7869718309859155, "ACCURACY/Validation": 0.6971214017521903, "PRECISION/Validation": 0.7787456445993032, "RECALL/Validation": 0.7953736654804271, "MAE/Validation": 0.30287859824780977, "MCC/Validation": 0.2635402934435179, "_runtime": 6305.35497546196, "_step": 19500, "_wandb": {"runtime": 6447}}