{"LOSS/Train": 0.33715954422950745, "F1_Macro/Train": 1.0, "ACCURACY/Train": 1.0, "PRECISION/Train": 1.0, "RECALL/Train": 1.0, "MAE/Train": 0.0, "MCC/Train": 1.0, "_timestamp": 1716466180.0356321, "LOSS/Validation": 0.3839559640412119, "F1_Macro/Validation": 0.8939393939393939, "ACCURACY/Validation": 0.855072463768116, "PRECISION/Validation": 0.8805970149253731, "RECALL/Validation": 0.9076923076923077, "MAE/Validation": 0.14492753623188406, "MCC/Validation": 0.6661085792961656, "_runtime": 268.195689201355, "_step": 2418, "_wandb": {"runtime": 267}, "LOSS/Test": 0.44087328429310774, "F1_Macro/Test": 0.8375796178343949, "ACCURACY/Test": 0.7892561983471075, "PRECISION/Test": 0.8679867986798679, "RECALL/Test": 0.8092307692307692, "MAE/Test": 0.21074380165289255, "MCC/Test": 0.5413123332674964}