{"_wandb": {"runtime": 11}, "LOSS/Train": 0.0002177593414671719, "F1_Macro/Train": 1.0, "ACCURACY/Train": 1.0, "PRECISION/Train": 1.0, "RECALL/Train": 1.0, "MAE/Train": 0.0, "MCC/Train": 1.0, "_timestamp": 1715697137.2649546, "LOSS/Validation": 2.6347273015122514, "F1_Macro/Validation": 0.772027972027972, "ACCURACY/Validation": 0.6625258799171843, "PRECISION/Validation": 0.7076923076923077, "RECALL/Validation": 0.8492307692307692, "MAE/Validation": 0.33747412008281574, "MCC/Validation": 0.15195934418011806, "_runtime": 12.686197519302368, "_step": 1}