{"loss/Train": 0.6424678564071655, "f1/Train": 0.8571428571428571, "accuracy/Train": 0.75, "precision/Train": 0.75, "recall/Train": 1.0, "mae/Train": 0.25, "_timestamp": 1715069296.794961, "_runtime": 60.254037857055664, "_step": 6, "loss/Validation": 0.5566890637079874, "f1/Validation": 0.8571428571428571, "accuracy/Validation": 0.75, "precision/Validation": 0.75, "recall/Validation": 1.0, "mae/Validation": 0.25, "_wandb": {"runtime": 58}, "loss/Test": 0.9756001432736715, "f1/Test": 0.5882352941176471, "accuracy/Test": 0.4166666666666667, "precision/Test": 0.4166666666666667, "recall/Test": 1.0, "mae/Test": 0.5833333333333334}