{"_wandb": {"runtime": 10}, "LOSS/Train": 0.0002031094627454877, "F1_Macro/Train": 1.0, "ACCURACY/Train": 1.0, "PRECISION/Train": 1.0, "RECALL/Train": 1.0, "MAE/Train": 0.0, "MCC/Train": 1.0, "_timestamp": 1715697236.0975742, "LOSS/Validation": 3.060880192803892, "F1_Macro/Validation": 0.732824427480916, "ACCURACY/Validation": 0.6376811594202898, "PRECISION/Validation": 0.7272727272727273, "RECALL/Validation": 0.7384615384615385, "MAE/Validation": 0.36231884057971014, "MCC/Validation": 0.1702731569575479, "_runtime": 12.049221277236938, "_step": 1}