{"LOSS/Train": 0.002848776988685131, "F1_Macro/Train": 1.0, "ACCURACY/Train": 1.0, "PRECISION/Train": 1.0, "RECALL/Train": 1.0, "MAE/Train": 0.0, "MCC/Train": 0.0, "_timestamp": 1715299705.6505382, "LOSS/Validation": 0.698142451144522, "F1_Macro/Validation": 0.8501362397820164, "ACCURACY/Validation": 0.7934918648310388, "PRECISION/Validation": 0.8682745825602969, "RECALL/Validation": 0.8327402135231317, "MAE/Validation": 0.2065081351689612, "MCC/Validation": 0.519781225153764, "_runtime": 46867.84952425957, "_step": 19500, "_wandb": {"runtime": 47970}}