{"LOSS/Train": 0.5398313999176025, "F1_Macro/Train": 0.6666666666666666, "ACCURACY/Train": 0.5, "PRECISION/Train": 1.0, "RECALL/Train": 0.5, "MAE/Train": 0.5, "MCC/Train": 0.0, "_timestamp": 1715534947.7517214, "LOSS/Validation": 0.6893273414659106, "F1_Macro/Validation": 0.631578947368421, "ACCURACY/Validation": 0.5797101449275363, "PRECISION/Validation": 0.7699115044247787, "RECALL/Validation": 0.5353846153846153, "MAE/Validation": 0.42028985507246375, "MCC/Validation": 0.19394874194950862, "_runtime": 15711.464658498764, "_step": 14500, "_wandb": {"runtime": 15715}}