{"_wandb": {"runtime": 10}, "LOSS/Train": 0.004538099281489849, "F1_Macro/Train": 1.0, "ACCURACY/Train": 1.0, "PRECISION/Train": 1.0, "RECALL/Train": 1.0, "MAE/Train": 0.0, "MCC/Train": 0.0, "_timestamp": 1715696943.277388, "LOSS/Validation": 1.6096215176300823, "F1_Macro/Validation": 0.7958115183246073, "ACCURACY/Validation": 0.6770186335403726, "PRECISION/Validation": 0.6924829157175398, "RECALL/Validation": 0.9353846153846154, "MAE/Validation": 0.32298136645962733, "MCC/Validation": 0.13199309189125158, "_runtime": 12.059406995773315, "_step": 1}