{"LOSS/Train": 0.6937594413757324, "F1_Macro/Train": 0.0, "ACCURACY/Train": 0.5, "PRECISION/Train": 0.0, "RECALL/Train": 0.0, "MAE/Train": 0.5, "MCC/Train": 0.0, "_timestamp": 1718439424.7656388, "LOSS/Validation": 0.7023631511640943, "F1_Macro/Validation": 0.4780114722753346, "ACCURACY/Validation": 0.43478260869565216, "PRECISION/Validation": 0.6313131313131313, "RECALL/Validation": 0.38461538461538464, "MAE/Validation": 0.5652173913043478, "MCC/Validation": -0.07384343384039231, "_runtime": 90.51411271095276, "_step": 3, "_wandb": {"runtime": 89}, "LOSS/Test": 0.6939418823265833, "F1_Macro/Test": 0.5543478260869565, "ACCURACY/Test": 0.49173553719008267, "PRECISION/Test": 0.6740088105726872, "RECALL/Test": 0.4707692307692308, "MAE/Test": 0.5082644628099173, "MCC/Test": 0.005044986821975776}