{"LOSS/Train": 0.7575840950012207, "F1_Macro/Train": 0.0, "ACCURACY/Train": 0.0, "PRECISION/Train": 0.0, "RECALL/Train": 0.0, "MAE/Train": 1.0, "MCC/Train": -1.0, "_timestamp": 1718442004.045892, "LOSS/Validation": 0.696098514332259, "F1_Macro/Validation": 0.5752961082910322, "ACCURACY/Validation": 0.4803312629399586, "PRECISION/Validation": 0.6390977443609023, "RECALL/Validation": 0.5230769230769231, "MAE/Validation": 0.5196687370600414, "MCC/Validation": -0.07971660973136642, "_runtime": 62.32687306404114, "_step": 2, "_wandb": {"runtime": 61}, "LOSS/Test": 0.69057019485915, "F1_Macro/Test": 0.6084033613445378, "ACCURACY/Test": 0.518595041322314, "PRECISION/Test": 0.6703703703703704, "RECALL/Test": 0.556923076923077, "MAE/Test": 0.48140495867768596, "MCC/Test": -0.0026719224215593913}