{"_wandb": {"runtime": 11}, "LOSS/Train": 8.892532059689984e-05, "F1_Macro/Train": 1.0, "ACCURACY/Train": 1.0, "PRECISION/Train": 1.0, "RECALL/Train": 1.0, "MAE/Train": 0.0, "MCC/Train": 0.0, "_timestamp": 1715697172.7317338, "LOSS/Validation": 2.9053799354337535, "F1_Macro/Validation": 0.7485380116959064, "ACCURACY/Validation": 0.6438923395445134, "PRECISION/Validation": 0.713091922005571, "RECALL/Validation": 0.7876923076923077, "MAE/Validation": 0.35610766045548653, "MCC/Validation": 0.14584494276290874, "_runtime": 12.24107575416565, "_step": 1}