{"loss/Train": 0.6091635227203369, "f1/Train": 1.0, "accuracy/Train": 1.0, "precision/Train": 1.0, "recall/Train": 1.0, "mae/Train": 0.0, "_timestamp": 1715068322.362886, "_runtime": 56.15393686294556, "_step": 6, "loss/Validation": 0.5469909906387329, "f1/Validation": 0.8571428571428571, "accuracy/Validation": 0.75, "precision/Validation": 0.75, "recall/Validation": 1.0, "mae/Validation": 0.25, "_wandb": {"runtime": 63}}