{"_wandb": {"runtime": 11}, "LOSS/Train": 0.0014681060565635562, "F1_Macro/Train": 1.0, "ACCURACY/Train": 1.0, "PRECISION/Train": 1.0, "RECALL/Train": 1.0, "MAE/Train": 0.0, "MCC/Train": 1.0, "_timestamp": 1715696976.0308225, "LOSS/Validation": 2.0739086724313607, "F1_Macro/Validation": 0.7068403908794788, "ACCURACY/Validation": 0.6273291925465838, "PRECISION/Validation": 0.7508650519031141, "RECALL/Validation": 0.6676923076923077, "MAE/Validation": 0.37267080745341613, "MCC/Validation": 0.2028842433731419, "_runtime": 13.078891515731812, "_step": 1}