{"LOSS/Train": 0.8678833842277527, "F1_Macro/Train": 0.6666666666666666, "ACCURACY/Train": 0.5, "PRECISION/Train": 0.5, "RECALL/Train": 1.0, "MAE/Train": 0.5, "MCC/Train": 0.0, "_timestamp": 1715633205.5166397, "_runtime": 163.73281073570251, "_step": 250, "_wandb": {"runtime": 162}, "LOSS/Validation": 0.6438826524521694, "F1_Macro/Validation": 0.80545229244114, "ACCURACY/Validation": 0.6749482401656315, "PRECISION/Validation": 0.6742738589211619, "RECALL/Validation": 1.0, "MAE/Validation": 0.3250517598343685, "MCC/Validation": 0.0653265341888063}