{"_wandb": {"runtime": 10}, "LOSS/Train": 0.000629559566732496, "F1_Macro/Train": 1.0, "ACCURACY/Train": 1.0, "PRECISION/Train": 1.0, "RECALL/Train": 1.0, "MAE/Train": 0.0, "MCC/Train": 1.0, "_timestamp": 1715697039.2881613, "LOSS/Validation": 2.3736512157522442, "F1_Macro/Validation": 0.7368421052631579, "ACCURACY/Validation": 0.6376811594202898, "PRECISION/Validation": 0.7205882352941176, "RECALL/Validation": 0.7538461538461538, "MAE/Validation": 0.36231884057971014, "MCC/Validation": 0.15680550287378953, "_runtime": 11.945372343063354, "_step": 1}