{"LOSS/Train": 0.6800540685653687, "F1_Macro/Train": 0.6666666666666666, "ACCURACY/Train": 0.5, "PRECISION/Train": 0.5, "RECALL/Train": 1.0, "MAE/Train": 0.5, "MCC/Train": 0.0, "_timestamp": 1715341854.448364, "_runtime": 8839.29880309105, "_step": 14508, "LOSS/Validation": 0.6337984381628431, "F1_Macro/Validation": 0.8044554455445545, "ACCURACY/Validation": 0.6728778467908902, "PRECISION/Validation": 0.6728778467908902, "RECALL/Validation": 1.0, "MAE/Validation": 0.32712215320910976, "MCC/Validation": 0.0, "_wandb": {"runtime": 8838}, "LOSS/Test": 0.636776574387038, "F1_Macro/Test": 0.8034610630407911, "ACCURACY/Test": 0.6714876033057852, "PRECISION/Test": 0.6714876033057852, "RECALL/Test": 1.0, "MAE/Test": 0.3285123966942149, "MCC/Test": 0.0}