{"LOSS/Train": 0.4887261688709259, "F1_Macro/Train": 0.8571428571428571, "ACCURACY/Train": 0.75, "PRECISION/Train": 0.75, "RECALL/Train": 1.0, "MAE/Train": 0.25, "MCC/Train": 0.0, "_timestamp": 1715632811.565237, "_runtime": 474.8070080280304, "_step": 250, "_wandb": {"runtime": 473}, "LOSS/Validation": 0.6409241254172049, "F1_Macro/Validation": 0.8029739776951673, "ACCURACY/Validation": 0.6708074534161491, "PRECISION/Validation": 0.6721991701244814, "RECALL/Validation": 0.9969230769230769, "MAE/Validation": 0.32919254658385094, "MCC/Validation": -0.03175874585178891}