{"LOSS/Train": 0.15413053333759308, "F1-Macro/Train": 1.0, "ACCURACY/Train": 1.0, "PRECISION/Train": 1.0, "RECALL/Train": 1.0, "MAE/Train": 0.0, "MCC/Train": 1.0, "_timestamp": 1715100934.2302103, "LOSS/Validation": 0.774127030717209, "F1-Macro/Validation": 0.7968197879858657, "ACCURACY/Validation": 0.7121401752190237, "PRECISION/Validation": 0.7912280701754386, "RECALL/Validation": 0.802491103202847, "MAE/Validation": 0.2878598247809762, "MCC/Validation": 0.3034311735694736, "_runtime": 5007.841633319855, "_step": 19500, "_wandb": {"runtime": 5118}}