{"LOSS/Train": 0.70720374584198, "F1_Macro/Train": 0.4, "ACCURACY/Train": 0.25, "PRECISION/Train": 0.25, "RECALL/Train": 1.0, "MAE/Train": 0.75, "MCC/Train": 0.0, "_timestamp": 1716531375.766126, "LOSS/Validation": 0.6943326331367178, "F1_Macro/Validation": 0.5585585585585585, "ACCURACY/Validation": 0.4927536231884058, "PRECISION/Validation": 0.6739130434782609, "RECALL/Validation": 0.47692307692307695, "MAE/Validation": 0.5072463768115942, "MCC/Validation": 0.0021037950929314385, "_runtime": 36.0648729801178, "_step": 2, "_wandb": {"runtime": 35}}