{"LOSS/Train": 1.0005509853363037, "F1_Macro/Train": 0.4, "ACCURACY/Train": 0.25, "PRECISION/Train": 0.25, "RECALL/Train": 1.0, "MAE/Train": 0.75, "MCC/Train": 0.0, "_timestamp": 1716973902.1601493, "LOSS/Validation": 0.6335594109759843, "F1_Macro/Validation": 0.8044554455445545, "ACCURACY/Validation": 0.6728778467908902, "PRECISION/Validation": 0.6728778467908902, "RECALL/Validation": 1.0, "MAE/Validation": 0.32712215320910976, "MCC/Validation": 0.0, "_runtime": 1875.1071772575378, "_step": 7750, "_wandb": {"runtime": 1896}}