{"LOSS/Train": 0.029032807797193527, "F1_Macro/Train": 1.0, "ACCURACY/Train": 1.0, "PRECISION/Train": 1.0, "RECALL/Train": 1.0, "MAE/Train": 0.0, "MCC/Train": 0.0, "_timestamp": 1716971253.4791696, "LOSS/Validation": 0.6714266119755743, "F1_Macro/Validation": 0.8441754916792739, "ACCURACY/Validation": 0.7867494824016563, "PRECISION/Validation": 0.8303571428571429, "RECALL/Validation": 0.8584615384615385, "MAE/Validation": 0.21325051759834368, "MCC/Validation": 0.507471133067886, "_runtime": 2714.780985593796, "_step": 11500}