{"_wandb": {"runtime": 11}, "LOSS/Train": 0.0005314549780450761, "F1_Macro/Train": 1.0, "ACCURACY/Train": 1.0, "PRECISION/Train": 1.0, "RECALL/Train": 1.0, "MAE/Train": 0.0, "MCC/Train": 1.0, "_timestamp": 1715697088.3035843, "LOSS/Validation": 2.416500444171016, "F1_Macro/Validation": 0.7638483965014577, "ACCURACY/Validation": 0.6645962732919255, "PRECISION/Validation": 0.7257617728531855, "RECALL/Validation": 0.8061538461538461, "MAE/Validation": 0.33540372670807456, "MCC/Validation": 0.193898425162472, "_runtime": 12.275267362594604, "_step": 1}