{"_wandb": {"runtime": 62}, "LOSS/Train": 0.5872259736061096, "F1_Macro/Train": 0.8571428571428571, "ACCURACY/Train": 0.75, "PRECISION/Train": 0.75, "RECALL/Train": 1.0, "MAE/Train": 0.25, "MCC/Train": 0.0, "_timestamp": 1715636092.2009585, "_runtime": 13.81085753440857, "_step": 1}