{"LOSS/Train": 0.027106191962957382, "F1_Macro/Train": 1.0, "ACCURACY/Train": 1.0, "PRECISION/Train": 1.0, "RECALL/Train": 1.0, "MAE/Train": 0.0, "MCC/Train": 1.0, "_timestamp": 1716652063.868166, "LOSS/Validation": 0.7910618935110363, "F1_Macro/Validation": 0.8711111111111111, "ACCURACY/Validation": 0.8198757763975155, "PRECISION/Validation": 0.84, "RECALL/Validation": 0.9046153846153846, "MAE/Validation": 0.18012422360248448, "MCC/Validation": 0.5778553399703513, "_runtime": 3027.262043952942, "_step": 14508, "_wandb": {"runtime": 3026}, "LOSS/Test": 0.4245336906107004, "F1_Macro/Test": 0.8536209553158706, "ACCURACY/Test": 0.8037190082644629, "PRECISION/Test": 0.8549382716049383, "RECALL/Test": 0.8523076923076923, "MAE/Test": 0.1962809917355372, "MCC/Test": 0.5558235337132893}