{"_wandb": {"runtime": 11}, "LOSS/Train": 0.0007859367760829628, "F1_Macro/Train": 1.0, "ACCURACY/Train": 1.0, "PRECISION/Train": 1.0, "RECALL/Train": 1.0, "MAE/Train": 0.0, "MCC/Train": 1.0, "_timestamp": 1715697023.8398087, "LOSS/Validation": 2.297885449601035, "F1_Macro/Validation": 0.759018759018759, "ACCURACY/Validation": 0.6542443064182195, "PRECISION/Validation": 0.7146739130434783, "RECALL/Validation": 0.8092307692307692, "MAE/Validation": 0.34575569358178054, "MCC/Validation": 0.15936292959809578, "_runtime": 12.428364753723145, "_step": 1}