{"LOSS/Train": 0.002597382292151451, "F1_Macro/Train": 1.0, "ACCURACY/Train": 1.0, "PRECISION/Train": 1.0, "RECALL/Train": 1.0, "MAE/Train": 0.0, "MCC/Train": 1.0, "_timestamp": 1715632942.9528513, "LOSS/Validation": 0.7127219512185548, "F1_Macro/Validation": 0.8882175226586103, "ACCURACY/Validation": 0.8467908902691511, "PRECISION/Validation": 0.8724035608308606, "RECALL/Validation": 0.9046153846153846, "MAE/Validation": 0.15320910973084886, "MCC/Validation": 0.64612166421705, "_runtime": 6663.22697520256, "_step": 14500, "_wandb": {"runtime": 6664}}