{"_wandb": {"runtime": 64}, "LOSS/Train": 0.5524123907089233, "F1_Macro/Train": 0.8571428571428571, "ACCURACY/Train": 0.75, "PRECISION/Train": 0.75, "RECALL/Train": 1.0, "MAE/Train": 0.25, "MCC/Train": 0.0, "_timestamp": 1715642380.018516, "_runtime": 13.026875972747803, "_step": 1}